Receiver,Sender,SumTotalLatency,TotalMessagesRecv,AverageLatencyMs
runner2,overall,95797981601000,659172,145.33078104197386
runner2,runner1,10745185734000,83151,129.2249730490313
runner2,runner2,2737988410000,83176,32.91801012311244
runner2,runner3,14291502405000,82572,173.07928117279465
runner2,runner4,13517553222000,81518,165.82292526803897
runner2,runner5,13566692837000,82841,163.76785452855472
runner2,runner6,13813710380000,81193,170.13425270651413
runner2,runner7,13745342683000,82675,166.2575468158452
runner2,runner8,13380005930000,82046,163.0793205031324
