Receiver,Sender,DurationSeconds,TotalMessagesRecv,AverageThroughput
runner2,overall,601.646054,659172,1095.6142662576158
runner2,runner1,599.500535,83151,138.7004600421249
runner2,runner2,600.253022,83176,138.56823198134603
runner2,runner3,598.727161,82572,137.91256749082075
runner2,runner4,598.400728,81518,136.22643854804937
runner2,runner5,598.356565,82841,138.44754924682744
runner2,runner6,600.691779,81193,135.16582520101377
runner2,runner7,600.44785,82675,137.68889338183158
runner2,runner8,601.29143,82046,136.44964139934606
