Receiver,Sender,DurationSeconds,TotalMessagesRecv,AverageThroughput
runner7,overall,601.869224,652444,1084.029510038546
runner7,runner1,596.692261,81503,136.59134754556501
runner7,runner2,596.682704,81500,136.58850751604828
runner7,runner3,597.613933,82210,137.56372711611462
runner7,runner4,595.705415,80880,135.77180593532123
runner7,runner5,599.071843,82156,137.13881057834996
runner7,runner6,592.509887,81208,137.0576285421546
runner7,runner7,600.195449,81463,135.7274536748445
runner7,runner8,598.199907,81524,136.28220106025526
