Receiver,Sender,SumTotalLatency,TotalMessagesRecv,AverageLatencyMs
runner3,overall,70491441175000,2693129,26.17455055996204
runner3,runner1,9475418857000,335473,28.2449522226826
runner3,runner2,7912915115000,334896,23.6279773870097
runner3,runner3,736863202000,346274,2.12797727233347
runner3,runner4,9528680225000,335308,28.417694254237894
runner3,runner5,6752351474000,332069,20.334181974228247
runner3,runner6,9309059628000,340614,27.330231957582484
runner3,runner7,15123679703000,336066,45.00211179649235
runner3,runner8,11652472971000,332429,35.05251638996598
