Receiver,Sender,DurationSeconds,TotalMessagesRecv,AverageThroughput
runner3,overall,600.248607,2693129,4486.6892960569585
runner3,runner1,598.074136,335473,560.9220994636023
runner3,runner2,598.216033,334896,559.8245140982372
runner3,runner3,600.045455,346274,577.0796147435198
runner3,runner4,598.028933,335308,560.6885912993109
runner3,runner5,599.006141,332069,554.3666037306954
runner3,runner6,599.00553,340614,568.6324799038166
runner3,runner7,598.207291,336066,561.7885389497868
runner3,runner8,598.155023,332429,555.7572656210897
