Receiver,Sender,SumTotalLatency,TotalMessagesRecv,AverageLatencyMs
runner8,overall,107417841933000,655934,163.7631864379648
runner8,runner1,12949491258000,82533,156.9007700919632
runner8,runner2,12645783138000,82618,153.06329296279262
runner8,runner3,15988280503000,81933,195.13847293520317
runner8,runner4,15815455622000,81554,193.92617924320083
runner8,runner5,16423699929000,81498,201.52273588308915
runner8,runner6,15307667612000,81811,187.11013937001135
runner8,runner7,15589667718000,80847,192.8292666147167
runner8,runner8,2697796153000,83140,32.448835133509746
