Receiver,Sender,DurationSeconds,TotalMessagesRecv,AverageThroughput
runner8,overall,601.51889,655934,1090.4628448160622
runner8,runner1,597.254418,82533,138.18734112737866
runner8,runner2,597.613457,82618,138.24655223585435
runner8,runner3,595.954637,81933,137.48194059273675
runner8,runner4,596.210955,81554,136.78715447286606
runner8,runner5,595.209472,81498,136.92322423256059
runner8,runner6,597.521286,81811,136.91729803915302
runner8,runner7,598.116265,80847,135.16937212867802
runner8,runner8,600.201029,83140,138.52025568586623
