Receiver,Sender,SumTotalLatency,TotalMessagesRecv,AverageLatencyMs
runner1,overall,97926414527000,654971,149.512596018755
runner1,runner1,2500000143000,82361,30.35417422080839
runner1,runner2,10515445683000,81984,128.26216924033957
runner1,runner3,14727856338000,82473,178.57791444472736
runner1,runner4,12969732031000,81352,159.42732853525422
runner1,runner5,14108677083000,82023,172.00879122928936
runner1,runner6,14410702459000,82066,175.59893815953012
runner1,runner7,14303154091000,80632,177.38806045986706
runner1,runner8,14390846699000,82080,175.32707966617932
