Receiver,Sender,DurationSeconds,TotalMessagesRecv,AverageThroughput
runner1,overall,601.714731,654971,1088.5075040650784
runner1,runner1,600.163891,82361,137.2308484983479
runner1,runner2,597.569748,81984,137.19570020803664
runner1,runner3,598.020378,82473,137.91001617005097
runner1,runner4,598.757121,81352,135.86811270675477
runner1,runner5,597.721508,82023,137.2261143395228
runner1,runner6,598.695576,82066,137.07467248764172
runner1,runner7,598.344712,80632,134.7584400478499
runner1,runner8,599.180386,82080,136.98712761268524
