Receiver,Sender,DurationSeconds,TotalMessagesRecv,AverageThroughput
runner4,overall,600.234571,2692852,4486.332727409665
runner4,runner1,598.119039,339058,566.8737791174041
runner4,runner2,598.806195,335464,560.2213250315488
runner4,runner3,598.287104,339079,566.7496386484038
runner4,runner4,600.021529,336526,560.8565421991717
runner4,runner5,598.691664,334237,558.2790275830532
runner4,runner6,598.692723,332291,555.027624746994
runner4,runner7,598.623126,342261,571.7470393885184
runner4,runner8,598.144888,333936,558.2861388593861
