Receiver,Sender,DurationSeconds,TotalMessagesRecv,AverageThroughput
runner2,overall,600.253556,2693214,4486.793910805253
runner2,runner1,598.370799,335555,560.781041723261
runner2,runner2,600.028699,338683,564.444668337439
runner2,runner3,598.265661,342643,572.7271717839744
runner2,runner4,597.936701,335169,560.5426116835736
runner2,runner5,598.799609,332102,554.6129205972811
runner2,runner6,598.24535,340450,569.0808963245598
runner2,runner7,598.676218,336287,561.7176528632377
runner2,runner8,598.540699,332325,555.2254016397304
