Receiver,Sender,SumTotalLatency,TotalMessagesRecv,AverageLatencyMs
runner4,overall,103715434248000,657459,157.75194232339965
runner4,runner1,12515079357000,82897,150.9714387372281
runner4,runner2,11888539800000,82815,143.55539213910524
runner4,runner3,15721374793000,82349,190.9115446817812
runner4,runner4,2854288633000,82266,34.695848017406945
runner4,runner5,15561491119000,82498,188.62870759291133
runner4,runner6,14871006422000,80737,184.19072323717748
runner4,runner7,15786111719000,82344,191.7093135990479
runner4,runner8,14517542405000,81553,178.01359122288574
