Receiver,Sender,DurationSeconds,TotalMessagesRecv,AverageThroughput
runner4,overall,601.83759,657459,1092.4193020246541
runner4,runner1,600.510184,82897,138.04428668939943
runner4,runner2,598.223175,82815,138.43495782322375
runner4,runner3,598.738599,82349,137.53748319807255
runner4,runner4,600.201983,82266,137.06385905092884
runner4,runner5,599.008212,82498,137.7243222168046
runner4,runner6,597.137501,80737,135.20671514482558
runner4,runner7,601.267058,82344,136.95079233826908
runner4,runner8,596.791364,81553,136.65244659941158
