Receiver,Sender,SumTotalLatency,TotalMessagesRecv,AverageLatencyMs
runner2,overall,96976755397000,658679,147.22915926726068
runner2,runner1,11424560853000,82843,137.9061701411103
runner2,runner2,2929083834000,82923,35.32293614558084
runner2,runner3,13598922857000,81853,166.13835604070712
runner2,runner4,13911487680000,81431,170.83773599734744
runner2,runner5,14727366877000,82608,178.28015297549874
runner2,runner6,13854903775000,82524,167.88938702680431
runner2,runner7,13715654657000,82764,165.72005530182204
runner2,runner8,12814774864000,81733,156.78826011525334
