Receiver,Sender,DurationSeconds,TotalMessagesRecv,AverageThroughput
runner2,overall,601.742031,658679,1094.6202293786587
runner2,runner1,598.251869,82843,138.47512108650008
runner2,runner2,600.265926,82923,138.14377329823648
runner2,runner3,595.9917,81853,137.339160931268
runner2,runner4,596.269085,81431,136.56753645042656
runner2,runner5,597.547015,82608,138.24518895806048
runner2,runner6,598.80764,82524,137.8138729158499
runner2,runner7,597.173695,82764,138.5928427406703
runner2,runner8,597.715622,81733,136.74228511296965
