Receiver,Sender,SumTotalLatency,TotalMessagesRecv,AverageLatencyMs
runner2,overall,100732031680000,653290,154.19190815717369
runner2,runner1,11286058221000,82678,136.50618327729265
runner2,runner2,2697300267000,81541,33.07906779411584
runner2,runner3,14284647555000,80102,178.33072276597338
runner2,runner4,15116343265000,82062,184.20637158489922
runner2,runner5,14055651326000,81109,173.29336233956775
runner2,runner6,14530789384000,81844,177.5425123894238
runner2,runner7,14370967412000,81903,175.46326034455393
runner2,runner8,14390274250000,82051,175.38207029774165
