Receiver,Sender,DurationSeconds,TotalMessagesRecv,AverageThroughput
runner2,overall,601.612691,653290,1085.897970194249
runner2,runner1,599.410751,82678,137.9321272801128
runner2,runner2,600.241932,81541,135.8468904834859
runner2,runner3,594.886675,80102,134.65085598025877
runner2,runner4,598.302416,82062,137.15806221982564
runner2,runner5,598.038409,81109,135.6250681885551
runner2,runner6,598.433556,81844,136.7637211841109
runner2,runner7,599.378873,81903,136.6464580075381
runner2,runner8,595.566645,82051,137.76963617564581
