Receiver,Sender,SumTotalLatency,TotalMessagesRecv,AverageLatencyMs
runner7,overall,106311452539000,656255,161.99716960480302
runner7,runner1,13263901464000,82409,160.9520982416969
runner7,runner2,12579599613000,81514,154.32440578305565
runner7,runner3,15718321758000,82094,191.46736372938338
runner7,runner4,16512204124000,81706,202.09292003035273
runner7,runner5,15484325573000,81867,189.14001457241625
runner7,runner6,15278527951000,81768,186.85216650768027
runner7,runner7,2863565671000,83175,34.4282016351067
runner7,runner8,14611006385000,81722,178.7891434986907
