Receiver,Sender,DurationSeconds,TotalMessagesRecv,AverageThroughput
runner7,overall,601.670388,656255,1090.7217856963903
runner7,runner1,597.617573,82409,137.89587810531134
runner7,runner2,597.448238,81514,136.43692426455866
runner7,runner3,596.805236,82094,137.55576366960693
runner7,runner4,595.728658,81706,137.15304594260428
runner7,runner5,599.324731,81867,136.59873481843684
runner7,runner6,597.639322,81768,136.81830661068852
runner7,runner7,600.198087,83175,138.57924875392013
runner7,runner8,599.405699,81722,136.3383767227078
