Receiver,Sender,SumTotalLatency,TotalMessagesRecv,AverageLatencyMs
runner6,overall,110260220459000,656547,167.93956938193307
runner6,runner1,12873604756000,82976,155.14853398573084
runner6,runner2,13439970355000,82598,162.71544534976636
runner6,runner3,15755934754000,82430,191.14320943831132
runner6,runner4,15730346983000,80927,194.37699387101958
runner6,runner5,17578780551000,81893,214.65547178635538
runner6,runner6,3606789755000,81697,44.148374542516855
runner6,runner7,16410907121000,82078,199.942824155072
runner6,runner8,14863886184000,81948,181.3819273685752
