Receiver,Sender,DurationSeconds,TotalMessagesRecv,AverageThroughput
runner6,overall,601.570243,656547,1091.388757405675
runner6,runner1,600.392694,82976,138.2028809297936
runner6,runner2,598.686325,82598,137.96540283428052
runner6,runner3,601.180931,82430,137.11346409954578
runner6,runner4,598.305167,80927,135.2604063337464
runner6,runner5,596.534314,81893,137.2812897398556
runner6,runner6,600.303833,81697,136.09275088536705
runner6,runner7,600.633883,82078,136.65229738629316
runner6,runner8,599.20948,81948,136.76018610386473
