Receiver,Sender,SumTotalLatency,TotalMessagesRecv,AverageLatencyMs
runner6,overall,110720977481000,655690,168.86177535268192
runner6,runner1,13559370772000,82614,164.1292126273997
runner6,runner2,13235012310000,81543,162.30715463007246
runner6,runner3,16468839397000,82587,199.4120066959691
runner6,runner4,16556494997000,81910,202.13032593089977
runner6,runner5,15814183791000,81468,194.11528196347032
runner6,runner6,3384340816000,82726,40.91024364770447
runner6,runner7,16468118011000,81906,201.06119223255925
runner6,runner8,15234617387000,80936,188.23042140703765
