Receiver,Sender,DurationSeconds,TotalMessagesRecv,AverageThroughput
runner6,overall,601.798042,655690,1089.5515675340134
runner6,runner1,598.310374,82614,138.07883598555154
runner6,runner2,598.539995,81543,136.23650997624645
runner6,runner3,598.017264,82587,138.10136424422691
runner6,runner4,599.596971,81910,136.6084285972819
runner6,runner5,599.593664,81468,135.8720161525923
runner6,runner6,600.240262,82726,137.82147789346394
runner6,runner7,593.96987,81906,137.8958835066836
runner6,runner8,596.157355,80936,135.76281382958027
