Receiver,Sender,SumTotalLatency,TotalMessagesRecv,AverageLatencyMs
runner5,overall,100185714134000,657175,152.44906476052802
runner5,runner1,12297718731000,82867,148.40308845499413
runner5,runner2,11520917934000,82704,139.30303170342424
runner5,runner3,15426510723000,82247,187.56320258489671
runner5,runner4,14087422034000,81375,173.1173214623656
runner5,runner5,2735276410000,83300,32.83645150060024
runner5,runner6,14468617649000,80920,178.80150332427087
runner5,runner7,15431346746000,82051,188.0701849581358
runner5,runner8,14217903907000,81711,174.00232413016607
