Receiver,Sender,DurationSeconds,TotalMessagesRecv,AverageThroughput
runner5,overall,601.555793,657175,1092.4589333977206
runner5,runner1,599.351678,82867,138.26106281461017
runner5,runner2,598.13037,82704,138.27085890990622
runner5,runner3,601.262267,82247,136.79055632473276
runner5,runner4,598.67062,81375,135.92616253658815
runner5,runner5,600.258142,83300,138.7736278302744
runner5,runner6,598.980285,80920,135.09626614839252
runner5,runner7,599.429893,82051,136.88172871952517
runner5,runner8,598.314445,81711,136.56865663672886
