Receiver,Sender,DurationSeconds,TotalMessagesRecv,AverageThroughput
runner6,overall,600.247156,2693925,4488.026262301857
runner6,runner1,599.073752,335509,560.046236176944
runner6,runner2,598.173709,334797,559.6986209235083
runner6,runner3,598.345323,342683,572.7177715400977
runner6,runner4,598.481238,335516,560.6123946695886
runner6,runner5,598.641522,332078,554.7192899192181
runner6,runner6,600.01554,344334,573.8751366339612
runner6,runner7,598.797817,336613,562.1480079644311
runner6,runner8,598.273055,332395,555.5907912316057
