Receiver,Sender,SumTotalLatency,TotalMessagesRecv,AverageLatencyMs
runner5,overall,69555142620000,2700054,25.760648720358926
runner5,runner1,9762052496000,335031,29.1377588820139
runner5,runner2,12343137375000,337218,36.60284259737024
runner5,runner3,6522041100000,340118,19.175818686455877
runner5,runner4,10872857568000,335154,32.44137789792155
runner5,runner5,682296305000,341331,1.998928620605805
runner5,runner6,8582200187000,335673,25.56714477184641
runner5,runner7,11834441193000,342407,34.562497825686975
runner5,runner8,8956116396000,333122,26.88539452813084
