Receiver,Sender,DurationSeconds,TotalMessagesRecv,AverageThroughput
runner5,overall,600.246682,2700054,4498.240608350418
runner5,runner1,598.286252,335031,559.9844537293496
runner5,runner2,598.016889,337218,563.8937732409092
runner5,runner3,598.86207,340118,567.9404608142906
runner5,runner4,597.84993,335154,560.5988780495467
runner5,runner5,600.023611,341331,568.8626143080227
runner5,runner6,598.371167,335673,560.977898856547
runner5,runner7,598.61008,342407,572.0033982722108
runner5,runner8,598.681303,333122,556.4262627389919
