Receiver,Sender,SumTotalLatency,TotalMessagesRecv,AverageLatencyMs
runner7,overall,81961545287000,2692599,30.439566116974714
runner7,runner1,11812639649000,339153,34.82982503177032
runner7,runner2,13753342650000,335147,41.03674700952119
runner7,runner3,10183332830000,339126,30.0281689696455
runner7,runner4,12086505133000,332614,36.33793265767527
runner7,runner5,13958970087000,334039,41.78844412478782
runner7,runner6,7550984738000,332422,22.715057180331026
runner7,runner7,893484682000,346192,2.580893498405509
runner7,runner8,11722285518000,333906,35.10654351224596
