Receiver,Sender,DurationSeconds,TotalMessagesRecv,AverageThroughput
runner7,overall,600.230718,2692599,4485.940021483539
runner7,runner1,598.440154,339153,566.7283482451613
runner7,runner2,598.685864,335147,559.8044319282608
runner7,runner3,598.719481,339126,566.4188501659929
runner7,runner4,598.43921,332614,555.8024849341004
runner7,runner5,598.524567,334039,558.1040752835129
runner7,runner6,599.0201,332422,554.9429810452103
runner7,runner7,600.033254,346192,576.9546899145693
runner7,runner8,598.053486,333906,558.3213003794781
