Receiver,Sender,SumTotalLatency,TotalMessagesRecv,AverageLatencyMs
runner3,overall,110130979567000,656523,167.74885200823124
runner3,runner1,12890240756000,82911,155.47081516324735
runner3,runner2,13357145620000,82290,162.3179684044234
runner3,runner3,3560123977000,83093,42.84505285643797
runner3,runner4,15624333382000,81196,192.42737797428444
runner3,runner5,16144661079000,82442,195.83053636495958
runner3,runner6,15550090646000,80821,192.4016115366056
runner3,runner7,16731319411000,82002,204.03550414624033
runner3,runner8,16273064696000,81768,199.01507553076996
