Receiver,Sender,DurationSeconds,TotalMessagesRecv,AverageThroughput
runner3,overall,601.649682,656523,1091.2047652341316
runner3,runner1,601.240808,82911,137.89982133082356
runner3,runner2,598.343287,82290,137.52974552884052
runner3,runner3,600.257996,83093,138.42880986794884
runner3,runner4,598.47439,81196,135.6716366760489
runner3,runner5,598.764763,82442,137.68679303528086
runner3,runner6,600.316591,80821,134.6306285911062
runner3,runner7,599.892766,82002,136.69443048426425
runner3,runner8,599.667543,81768,136.3555539306552
