Receiver,Sender,DurationSeconds,TotalMessagesRecv,AverageThroughput
runner3,overall,600.239142,2700268,4498.653638286055
runner3,runner1,598.34096,334974,559.8379893631217
runner3,runner2,597.915973,337186,563.9354277628572
runner3,runner3,600.020192,343620,572.6807273845878
runner3,runner4,597.838505,335119,560.5510471427397
runner3,runner5,598.311865,338042,564.9929740236724
runner3,runner6,598.417149,335626,560.8562531352189
runner3,runner7,599.040125,342715,572.1069185474012
runner3,runner8,598.715162,332986,556.1676422017855
