Receiver,Sender,DurationSeconds,TotalMessagesRecv,AverageThroughput
runner7,overall,600.253768,2692390,4485.419573409491
runner7,runner1,597.949296,335216,560.6094065875445
runner7,runner2,598.622887,334902,559.454052414137
runner7,runner3,598.49162,342640,572.5059274848326
runner7,runner4,598.58274,335464,560.4304594549452
runner7,runner5,598.220482,331706,554.4878685715078
runner7,runner6,598.762801,340629,568.8880462031241
runner7,runner7,600.024718,339746,566.2200069564467
runner7,runner8,598.231701,332087,555.1143469075371
