Receiver,Sender,SumTotalLatency,TotalMessagesRecv,AverageLatencyMs
runner5,overall,101603114906000,653901,155.37996563088294
runner5,runner1,12497118465000,81592,153.1659778532209
runner5,runner2,11312487884000,81822,138.2572887976339
runner5,runner3,14842277561000,82639,179.60378950616536
runner5,runner4,14608990071000,81017,180.32005716084277
runner5,runner5,2514093495000,82985,30.295758209314936
runner5,runner6,15466376714000,81991,188.63505401812395
runner5,runner7,14872853924000,80043,185.8108007445998
runner5,runner8,15488916792000,81812,189.3232874394954
