Receiver,Sender,DurationSeconds,TotalMessagesRecv,AverageThroughput
runner5,overall,601.41489,653901,1087.2710517692703
runner5,runner1,597.996138,81592,136.44235274308744
runner5,runner2,597.316334,81822,136.98269299295606
runner5,runner3,596.471733,82639,138.54638104032333
runner5,runner4,596.997431,81017,135.70745164563363
runner5,runner5,600.087316,82985,138.28820871128028
runner5,runner6,596.821332,81991,137.3794728905568
runner5,runner7,596.388362,80043,134.2128805659021
runner5,runner8,596.771952,81812,137.09089330659427
