Receiver,Sender,SumTotalLatency,TotalMessagesRecv,AverageLatencyMs
runner2,overall,69885238629000,2692146,25.958933367283944
runner2,runner1,7331541668000,339078,21.62199160075263
runner2,runner2,603800880000,338723,1.782580102325499
runner2,runner3,8381517542000,338886,24.73255768016383
runner2,runner4,11153144971000,332780,33.51506992908228
runner2,runner5,9251442812000,333880,27.708885863184378
runner2,runner6,9498535328000,332195,28.593251939372962
runner2,runner7,14401679640000,342316,42.07130148751446
runner2,runner8,9263575788000,334288,27.711362023165655
