Receiver,Sender,DurationSeconds,TotalMessagesRecv,AverageThroughput
runner2,overall,600.254327,2692146,4485.008901901677
runner2,runner1,598.293718,339078,566.7417019411191
runner2,runner2,600.014614,338723,564.5245833962304
runner2,runner3,598.878821,338886,565.8673977385484
runner2,runner4,598.21107,332780,556.2919455836884
runner2,runner5,598.740349,333880,557.6373808072855
runner2,runner6,598.296047,332195,555.2351576877458
runner2,runner7,598.193602,342316,572.2495173059373
runner2,runner8,598.968434,334288,558.1062056435514
