Receiver,Sender,SumTotalLatency,TotalMessagesRecv,AverageLatencyMs
runner5,overall,86084132813000,2691994,31.977832347694683
runner5,runner1,12452456426000,341165,36.49980632831621
runner5,runner2,11114584137000,336304,33.049217782125694
runner5,runner3,6938616579000,329694,21.04562588036179
runner5,runner4,7943801435000,339745,23.381658111230482
runner5,runner5,804751460000,338648,2.376365606765727
runner5,runner6,13045069387000,333654,39.097596273385
runner5,runner7,19447642808000,337702,57.58817776619623
runner5,runner8,14337210581000,335082,42.78717024787962
