Receiver,Sender,DurationSeconds,TotalMessagesRecv,AverageThroughput
runner5,overall,600.237465,2691994,4484.881662626641
runner5,runner1,598.253046,341165,570.2687220417428
runner5,runner2,598.772069,336304,561.6561249452669
runner5,runner3,597.997605,329694,551.329967283063
runner5,runner4,598.325411,339745,567.8264599061129
runner5,runner5,599.991477,338648,564.4213509386234
runner5,runner6,598.457008,333654,557.5237578302367
runner5,runner7,598.026413,337702,564.6941216290392
runner5,runner8,598.124339,335082,560.2213087670389
