Receiver,Sender,SumTotalLatency,TotalMessagesRecv,AverageLatencyMs
runner7,overall,95630146619000,2690987,35.53720126444312
runner7,runner1,19803403053000,334604,59.18459747343128
runner7,runner2,13724856099000,336133,40.8316234912966
runner7,runner3,13047622373000,335026,38.9451038814898
runner7,runner4,12054095216000,332552,36.24724920012509
runner7,runner5,15011353958000,335751,44.70978182641303
runner7,runner6,11707218135000,343005,34.13133375606769
runner7,runner7,1054024230000,339577,3.1039329224299643
runner7,runner8,9227573555000,334339,27.599453114952187
