Receiver,Sender,DurationSeconds,TotalMessagesRecv,AverageThroughput
runner7,overall,600.254872,2690987,4483.073983279556
runner7,runner1,598.303757,334604,559.2543855612125
runner7,runner2,598.246936,336133,561.8633038849363
runner7,runner3,598.566717,335026,559.7137135842453
runner7,runner4,599.015551,332552,555.1642180989055
runner7,runner5,598.056797,335751,561.4032006394872
runner7,runner6,598.5898,343005,573.0217922189787
runner7,runner7,600.017045,339577,565.9455890957231
runner7,runner8,598.810038,334339,558.3390036624603
