Receiver,Sender,SumTotalLatency,TotalMessagesRecv,AverageLatencyMs
runner5,overall,101632052995000,656711,154.75917564194907
runner5,runner1,13278893444000,82247,161.45140180188943
runner5,runner2,12502310388000,82281,151.9465051226893
runner5,runner3,15468001555000,81470,189.8613177243157
runner5,runner4,14715641738000,81274,181.06210766050643
runner5,runner5,2624346477000,83278,31.513082410720717
runner5,runner6,14923094314000,81836,182.35366237352756
runner5,runner7,14411612305000,82549,174.5825183224509
runner5,runner8,13708152774000,81776,167.63051230189785
