Receiver,Sender,DurationSeconds,TotalMessagesRecv,AverageThroughput
runner5,overall,601.647293,656711,1091.5215735874674
runner5,runner1,595.507774,82247,138.11238675785953
runner5,runner2,597.055847,82281,137.81122890502402
runner5,runner3,599.50696,81470,135.89500278695678
runner5,runner4,596.523614,81274,136.24607323592056
runner5,runner5,600.241662,83278,138.74078604027324
runner5,runner6,598.440581,81836,136.74874765887577
runner5,runner7,598.95673,82549,137.82130806009977
runner5,runner8,598.413767,81776,136.65461008686987
