Receiver,Sender,DurationSeconds,TotalMessagesRecv,AverageThroughput
runner5,overall,600.236848,2690859,4482.995352527907
runner5,runner1,598.423853,334651,559.2206900215256
runner5,runner2,598.422973,336220,561.8434036956667
runner5,runner3,598.815726,335287,559.916824896479
runner5,runner4,598.691534,332394,555.2007688820934
runner5,runner5,599.991793,339103,565.1793973788572
runner5,runner6,598.85772,342987,572.7353736042678
runner5,runner7,598.235237,335865,561.426307290555
runner5,runner8,598.333761,334352,558.8051716172506
