Receiver,Sender,SumTotalLatency,TotalMessagesRecv,AverageLatencyMs
runner3,overall,109730334602000,653653,167.87245618393857
runner3,runner1,13669355504000,81737,167.23583571699476
runner3,runner2,12557453793000,81838,153.44282354163101
runner3,runner3,3373323029000,83307,40.49267203236223
runner3,runner4,15492908710000,80983,191.31062951483645
runner3,runner5,15970467176000,81587,195.7476948043193
runner3,runner6,16239457171000,81955,198.15090197059362
runner3,runner7,16304672400000,80803,201.78300805663156
runner3,runner8,16122696819000,81443,197.96295346438615
