Receiver,Sender,DurationSeconds,TotalMessagesRecv,AverageThroughput
runner3,overall,601.868788,653653,1086.0390387946152
runner3,runner1,596.957109,81737,136.92273492968823
runner3,runner2,597.692366,81838,136.9232813657854
runner3,runner3,600.159276,83307,138.80815198797328
runner3,runner4,598.962239,80983,135.2055183565587
runner3,runner5,597.882208,81587,136.45998979116635
runner3,runner6,597.3371,81955,137.20058573291362
runner3,runner7,598.108664,80803,135.0975246865844
runner3,runner8,598.247155,81443,136.13604230178078
