Receiver,Sender,SumTotalLatency,TotalMessagesRecv,AverageLatencyMs
runner8,overall,111293876858000,655645,169.74716021322516
runner8,runner1,14892472354000,82090,181.41640095017664
runner8,runner2,12259790187000,81663,150.12662021968333
runner8,runner3,16528404212000,82214,201.0412364317513
runner8,runner4,16736284963000,81558,205.20715273792885
runner8,runner5,17077847786000,81457,209.65476000834795
runner8,runner6,15702599596000,81816,191.92577974968222
runner8,runner7,15401944389000,82280,187.18940676956734
runner8,runner8,2694533371000,82567,32.6345073818838
