Receiver,Sender,DurationSeconds,TotalMessagesRecv,AverageThroughput
runner8,overall,601.786054,655645,1089.4984947590692
runner8,runner1,596.797436,82090,137.55085904893198
runner8,runner2,598.16724,81663,136.52202016278926
runner8,runner3,599.576855,82214,137.12003609612316
runner8,runner4,598.016048,81558,136.38095544887452
runner8,runner5,596.004094,81457,136.6718799753748
runner8,runner6,598.439828,81816,136.7154994904517
runner8,runner7,599.019675,82280,137.35775874139694
runner8,runner8,600.179232,82567,137.57057158552266
