Receiver,Sender,DurationSeconds,TotalMessagesRecv,AverageThroughput
runner6,overall,600.253381,2699718,4497.630643083375
runner6,runner1,597.824893,334719,559.8947182013715
runner6,runner2,597.802944,337073,563.8530277963971
runner6,runner3,598.639217,339821,567.6557605146005
runner6,runner4,598.252653,335308,560.4789185949502
runner6,runner5,598.67734,338093,564.7332501343712
runner6,runner6,600.025598,339278,565.4392098118454
runner6,runner7,598.20386,342433,572.435289869243
runner6,runner8,598.576072,332993,556.3085722544553
