Receiver,Sender,SumTotalLatency,TotalMessagesRecv,AverageLatencyMs
runner8,overall,104372677778000,652060,160.0660641321351
runner8,runner1,12139334044000,82424,147.2791182665243
runner8,runner2,12477851351000,80835,154.36198863116226
runner8,runner3,14820389249000,80274,184.62253343548346
runner8,runner4,15349201335000,81927,187.35217126222125
runner8,runner5,15557736927000,80699,192.7872331379571
runner8,runner6,16133810711000,81768,197.31203785099308
runner8,runner7,15305753328000,81320,188.21634687653713
runner8,runner8,2588600833000,82813,31.258387366717784
