Receiver,Sender,DurationSeconds,TotalMessagesRecv,AverageThroughput
runner8,overall,601.751921,652060,1083.6026894877166
runner8,runner1,597.738207,82424,137.89314290896584
runner8,runner2,596.47187,80835,135.52189812404734
runner8,runner3,596.971362,80274,134.4687620040306
runner8,runner4,598.153531,81927,136.966507349766
runner8,runner5,593.955789,80699,135.8670148427495
runner8,runner6,599.566514,81768,136.37853030598038
runner8,runner7,596.405196,81320,136.35025406452024
runner8,runner8,600.284921,82813,137.95615565695675
