Receiver,Sender,DurationSeconds,TotalMessagesRecv,AverageThroughput
runner8,overall,600.250442,2690348,4482.042513847911
runner8,runner1,598.727202,334446,558.5949642555241
runner8,runner2,598.395873,336011,561.5195812020581
runner8,runner3,598.641496,334757,559.1944464872179
runner8,runner4,598.86619,332424,555.0889423228251
runner8,runner5,598.110449,335704,561.274260567215
runner8,runner6,598.730207,342852,572.6318732403626
runner8,runner7,598.803235,336148,561.3663727117306
runner8,runner8,600.036795,338006,563.3087884218834
