Receiver,Sender,SumTotalLatency,TotalMessagesRecv,AverageLatencyMs
runner3,overall,107311495009000,655879,163.61477499508294
runner3,runner1,14037489222000,81582,172.06600992866072
runner3,runner2,13378534304000,82648,161.87366063304617
runner3,runner3,3426613263000,83011,41.279026430232136
runner3,runner4,14204233863000,81077,175.1943690935777
runner3,runner5,16018234295000,81769,195.8961745282442
runner3,runner6,15689031632000,82498,190.1746906834105
runner3,runner7,15352845753000,81739,187.8276679797893
runner3,runner8,15204512677000,81555,186.43262432714118
