Receiver,Sender,DurationSeconds,TotalMessagesRecv,AverageThroughput
runner3,overall,601.839042,655879,1089.7913798021766
runner3,runner1,599.079855,81582,136.17884046526652
runner3,runner2,600.364607,82648,137.66301183707188
runner3,runner3,600.239572,83011,138.29644673943625
runner3,runner4,597.424877,81077,135.7107866132598
runner3,runner5,598.476306,81769,136.62863371570134
runner3,runner6,600.978865,82498,137.27271424095753
runner3,runner7,601.579227,81739,135.87404007884734
runner3,runner8,598.539165,81555,136.2567477100684
