Receiver,Sender,SumTotalLatency,TotalMessagesRecv,AverageLatencyMs
runner1,overall,100836662931000,656563,153.58261572918366
runner1,runner1,3332677519000,81963,40.66075569464271
runner1,runner2,11675742793000,82879,140.87697478251428
runner1,runner3,14464641871000,82429,175.4800115372017
runner1,runner4,14125407993000,81113,174.1448102400355
runner1,runner5,14224792997000,82004,173.46462364031024
runner1,runner6,14509906898000,82744,175.35902177801412
runner1,runner7,13996166664000,81805,171.09182402053662
runner1,runner8,14507326196000,81626,177.72923083331293
