Receiver,Sender,DurationSeconds,TotalMessagesRecv,AverageThroughput
runner1,overall,601.345984,656563,1091.822374255683
runner1,runner1,600.098735,81963,136.58252420745396
runner1,runner2,599.896242,82879,138.15555790729556
runner1,runner3,600.098346,82429,137.35915212804136
runner1,runner4,597.960644,81113,135.64939568163285
runner1,runner5,598.470007,82004,137.0227397210233
runner1,runner6,600.609491,82744,137.76672070605025
runner1,runner7,599.446292,81805,136.46760534136394
runner1,runner8,598.228937,81626,136.44609103888936
