Receiver,Sender,SumTotalLatency,TotalMessagesRecv,AverageLatencyMs
runner2,overall,97671606150000,654813,149.15954043368106
runner2,runner1,11353990557000,81905,138.62390033575485
runner2,runner2,2751528904000,82327,33.42195032006511
runner2,runner3,14635873788000,82343,177.74278066137984
runner2,runner4,13047843665000,81399,160.2948889421246
runner2,runner5,13464447544000,82107,163.9865972937752
runner2,runner6,14158036762000,82221,172.19489865119616
runner2,runner7,13751320067000,80499,170.82597382576182
runner2,runner8,14508564863000,82012,176.90782889089402
