Receiver,Sender,DurationSeconds,TotalMessagesRecv,AverageThroughput
runner2,overall,601.572079,654813,1088.5029788757865
runner2,runner1,597.539397,81905,137.0704599750433
runner2,runner2,600.134978,82327,137.18080601527612
runner2,runner3,596.044736,82343,138.14902645159844
runner2,runner4,598.334195,81399,136.04270101928572
runner2,runner5,597.781573,82107,137.35284543473207
runner2,runner6,597.424756,82221,137.62569959521397
runner2,runner7,596.95731,80499,134.84883868831423
runner2,runner8,598.410862,82012,137.0496513480733
