Receiver,Sender,SumTotalLatency,TotalMessagesRecv,AverageLatencyMs
runner2,overall,100371978285000,657375,152.68602895607532
runner2,runner1,11486917247000,82709,138.8835223131703
runner2,runner2,2476360903000,83243,29.74857829487164
runner2,runner3,14318197867000,82187,174.21487421368343
runner2,runner4,14176596630000,82193,172.47936722105288
runner2,runner5,14602137063000,82191,177.66102204620944
runner2,runner6,14167545575000,81981,172.8149885339286
runner2,runner7,14401535371000,80683,178.49528861098372
runner2,runner8,14742687629000,82188,179.3776175232394
