Receiver,Sender,DurationSeconds,TotalMessagesRecv,AverageThroughput
runner2,overall,601.800182,657375,1092.347625777222
runner2,runner1,598.890532,82709,138.10370273143673
runner2,runner2,600.192326,83243,138.6938759360279
runner2,runner3,595.981889,82187,137.90184151048925
runner2,runner4,596.735624,82193,137.7377128066348
runner2,runner5,597.435744,82191,137.57295378697663
runner2,runner6,596.634937,81981,137.40563100816203
runner2,runner7,594.750774,80683,135.65850357346488
runner2,runner8,596.284648,82188,137.83349994950734
