Receiver,Sender,DurationSeconds,TotalMessagesRecv,AverageThroughput
runner4,overall,600.816471,2700336,4494.444027983381
runner4,runner1,598.593935,335019,559.6765693925717
runner4,runner2,598.803055,337458,563.5542390477617
runner4,runner3,598.93775,339875,567.462979249513
runner4,runner4,600.055456,339066,565.0577735935126
runner4,runner5,598.922728,337798,564.0093190786374
runner4,runner6,598.916718,335608,560.3583769054181
runner4,runner7,598.504068,342304,571.9326205147865
runner4,runner8,599.193358,333208,556.0942816725949
