Receiver,Sender,SumTotalLatency,TotalMessagesRecv,AverageLatencyMs
runner6,overall,109329235162000,653071,167.4078854550271
runner6,runner1,14424539851000,81242,177.55028003988085
runner6,runner2,12767373893000,81881,155.92596442398113
runner6,runner3,15524005217000,82416,188.36154650795964
runner6,runner4,15371841240000,81355,188.947713600885
runner6,runner5,16186453519000,81286,199.12965970769872
runner6,runner6,3314757494000,83025,39.9248117314062
runner6,runner7,15547752651000,80046,194.2352228843415
runner6,runner8,16192511297000,81820,197.9040735394769
