Receiver,Sender,DurationSeconds,TotalMessagesRecv,AverageThroughput
runner6,overall,601.866901,653071,1085.0754525874815
runner6,runner1,594.524161,81242,136.65045986247142
runner6,runner2,598.528604,81881,136.80382099165305
runner6,runner3,598.843521,82416,137.62526788696775
runner6,runner4,599.466358,81355,135.712369700653
runner6,runner5,594.837647,81286,136.65241332648876
runner6,runner6,600.081505,83025,138.3562054624563
runner6,runner7,597.368033,80046,133.99779629654205
runner6,runner8,597.951415,81820,136.83385965396536
