Receiver,Sender,SumTotalLatency,TotalMessagesRecv,AverageLatencyMs
runner2,overall,68769196296000,2693349,25.53296891565111
runner2,runner1,6945561289000,341281,20.35144437867915
runner2,runner2,610763061000,339612,1.7984142521465671
runner2,runner3,9977050885000,330035,30.230281288348205
runner2,runner4,9705354661000,339725,28.568267454558836
runner2,runner5,9871012492000,335339,29.43592153611718
runner2,runner6,7829675720000,334089,23.43589797928097
runner2,runner7,12160737409000,338006,35.97787438388668
runner2,runner8,11669040779000,335262,34.80573634649915
