Receiver,Sender,DurationSeconds,TotalMessagesRecv,AverageThroughput
runner2,overall,600.271922,2693349,4486.881530334181
runner2,runner1,598.44549,341281,570.2791744658315
runner2,runner2,600.006689,339612,566.0136898907139
runner2,runner3,598.5352,330035,551.4044955083677
runner2,runner4,598.628557,339725,567.50550241458
runner2,runner5,598.634878,335339,560.1728404471615
runner2,runner6,598.328828,334089,558.3702211319826
runner2,runner7,598.216614,338006,565.022756121581
runner2,runner8,598.595901,335262,560.0806812073375
