Receiver,Sender,DurationSeconds,TotalMessagesRecv,AverageThroughput
runner2,overall,600.243167,2700045,4498.251955944382
runner2,runner1,598.610282,334873,559.4173873545326
runner2,runner2,600.008725,340985,568.3000693031588
runner2,runner3,598.197376,339959,568.3057359315465
runner2,runner4,598.547395,335430,560.4067494103788
runner2,runner5,598.330523,337924,564.778140191922
runner2,runner6,597.885933,335240,560.7089605167212
runner2,runner7,598.495122,342608,572.4491101198984
runner2,runner8,598.8828,333026,556.0787519695006
