Receiver,Sender,DurationSeconds,TotalMessagesRecv,AverageThroughput
runner6,overall,600.23113,2692820,4486.305133824032
runner6,runner1,598.474878,341255,570.2077272489958
runner6,runner2,598.516756,336238,561.7854414755934
runner6,runner3,598.128689,329784,551.3596088349475
runner6,runner4,598.577158,339868,567.7931331953699
runner6,runner5,598.443452,335101,559.954326311185
runner6,runner6,600.024701,337520,562.5101757269156
runner6,runner7,598.185278,337870,564.8250005912048
runner6,runner8,598.416064,335184,560.1186534992484
