Receiver,Sender,DurationSeconds,TotalMessagesRecv,AverageThroughput
runner7,overall,600.382038,2692574,4484.767747165681
runner7,runner1,598.597766,341257,570.0940086702562
runner7,runner2,598.74041,336342,561.7492896462426
runner7,runner3,598.421627,329736,551.0094975227224
runner7,runner4,598.216566,339637,567.7492388266627
runner7,runner5,597.995795,334636,559.5959081953076
runner7,runner6,598.324942,333829,557.9393011498424
runner7,runner7,600.012313,341773,569.6099773205822
runner7,runner8,598.561507,335364,560.283272609443
