Receiver,Sender,SumTotalLatency,TotalMessagesRecv,AverageLatencyMs
runner8,overall,73969180662000,2692871,27.46851990384983
runner8,runner1,9791304178000,339131,28.871746251448556
runner8,runner2,11197536899000,335415,33.38412682497801
runner8,runner3,13064657876000,339075,38.5302893932021
runner8,runner4,10333970079000,332814,31.050286583497087
runner8,runner5,9508984059000,334260,28.447867106444086
runner8,runner6,9153653961000,332329,27.543951809802934
runner8,runner7,10185203290000,342306,29.7546735669255
runner8,runner8,733870320000,337541,2.1741664568156165
