Receiver,Sender,DurationSeconds,TotalMessagesRecv,AverageThroughput
runner8,overall,600.250712,2692871,4486.24374143183
runner8,runner1,598.634219,339131,566.507876156007
runner8,runner2,598.721131,335415,560.2190780201475
runner8,runner3,598.385946,339075,566.6493377168989
runner8,runner4,598.903895,332814,555.7051853870478
runner8,runner5,598.754245,334260,558.2590900879542
runner8,runner6,598.217873,332329,555.5317134431388
runner8,runner7,598.010739,342306,572.4077807907059
runner8,runner8,600.031609,337541,562.5386978571657
