Receiver,Sender,DurationSeconds,TotalMessagesRecv,AverageThroughput
runner8,overall,600.260829,2700962,4499.647269170716
runner8,runner1,598.495322,335142,559.9743016871902
runner8,runner2,598.139669,337299,563.9134427648202
runner8,runner3,598.178405,339939,568.2903246900062
runner8,runner4,598.629585,335499,560.4450705522681
runner8,runner5,598.498908,338052,564.8331107731946
runner8,runner6,598.641415,335704,560.7764374270697
runner8,runner7,598.463989,342611,572.4839026195777
runner8,runner8,600.025055,336716,561.1698998136003
