Receiver,Sender,DurationSeconds,TotalMessagesRecv,AverageThroughput
runner6,overall,600.262902,2692797,4486.029356516855
runner6,runner1,598.591679,339129,566.5447948867997
runner6,runner2,598.840573,335293,559.9036122757835
runner6,runner3,598.713539,338967,566.1589022459036
runner6,runner4,598.525783,332709,555.8808149121957
runner6,runner5,598.597631,334039,558.0359538709902
runner6,runner6,600.020709,336359,560.5789849496678
runner6,runner7,599.009323,342301,571.4451960207638
runner6,runner8,598.332254,334000,558.2182771647807
