Receiver,Sender,DurationSeconds,TotalMessagesRecv,AverageThroughput
runner7,overall,600.259278,2700615,4499.08081220862
runner7,runner1,598.243381,334896,559.7989223720303
runner7,runner2,597.867546,337106,563.847297374459
runner7,runner3,598.821967,340170,568.0653328470831
runner7,runner4,598.72151,335685,560.6696843078179
runner7,runner5,598.420418,337904,564.6598776313812
runner7,runner6,597.627056,335269,561.0003707730394
runner7,runner7,600.04076,346358,577.2241205747423
runner7,runner8,599.069904,333227,556.2405952544731
