Receiver,Sender,SumTotalLatency,TotalMessagesRecv,AverageLatencyMs
runner3,overall,109625923868000,655414,167.2621028357649
runner3,runner1,14329475602000,82398,173.9056239471832
runner3,runner2,12959643962000,81485,159.04330811805852
runner3,runner3,3670017057000,83242,44.08852570817616
runner3,runner4,16334277406000,81854,199.5538080729103
runner3,runner5,16445073983000,80743,203.67182273385927
runner3,runner6,14833594700000,81507,181.9916657465003
runner3,runner7,16054677196000,82321,195.0252936188822
runner3,runner8,14999163962000,81864,183.22051160461254
