Receiver,Sender,DurationSeconds,TotalMessagesRecv,AverageThroughput
runner3,overall,601.449252,655414,1089.7245242562876
runner3,runner1,596.459025,82398,138.14528164780472
runner3,runner2,596.927535,81485,136.50735679331663
runner3,runner3,600.238602,83242,138.68151718772663
runner3,runner4,595.717785,81854,137.40398903819866
runner3,runner5,593.42993,80743,136.06155658512202
runner3,runner6,598.348093,81507,136.22003805734533
runner3,runner7,596.466827,82321,138.0143811417697
runner3,runner8,598.053199,81864,136.88414364622437
