Receiver,Sender,SumTotalLatency,TotalMessagesRecv,AverageLatencyMs
runner4,overall,104704651513000,656442,159.50327906045013
runner4,runner1,12219938431000,82532,148.0630353196336
runner4,runner2,12133748444000,82703,146.71473155750093
runner4,runner3,16085424676000,81806,196.6289107889397
runner4,runner4,2750221281000,82760,33.231286623972935
runner4,runner5,15435588184000,81811,188.67375027807995
runner4,runner6,15873092739000,81626,194.46123464337342
runner4,runner7,14854409581000,81205,182.92481474047162
runner4,runner8,15352228177000,81999,187.22457806802524
