Receiver,Sender,DurationSeconds,TotalMessagesRecv,AverageThroughput
runner4,overall,601.682822,656442,1091.010040502702
runner4,runner1,598.048439,82532,138.00219951748758
runner4,runner2,597.987237,82703,138.30228286293675
runner4,runner3,596.247295,81806,137.20146101459463
runner4,runner4,600.167274,82760,137.89488961705698
runner4,runner5,599.155286,81811,136.54390090785245
runner4,runner6,596.743597,81626,136.78571569155855
runner4,runner7,598.207374,81205,135.74724005324617
runner4,runner8,597.34516,81999,137.27239373631153
