Receiver,Sender,SumTotalLatency,TotalMessagesRecv,AverageLatencyMs
runner2,overall,103202144176000,656395,157.22567078664522
runner2,runner1,12560880590000,81743,153.66307316834468
runner2,runner2,2790334663000,83075,33.5881391874812
runner2,runner3,14866020007000,82247,180.74847723321216
runner2,runner4,14242598983000,81255,175.28273931450374
runner2,runner5,15098463041000,81743,184.70649524729947
runner2,runner6,15210553380000,82752,183.8088913863109
runner2,runner7,13948218967000,81797,170.5223781679035
runner2,runner8,14485074545000,81783,177.11595985718304
