Receiver,Sender,DurationSeconds,TotalMessagesRecv,AverageThroughput
runner2,overall,601.610228,656395,1091.0635648302175
runner2,runner1,601.148272,81743,135.9781002581007
runner2,runner2,600.205305,83075,138.41097255879805
runner2,runner3,599.60976,82247,137.16754710597104
runner2,runner4,598.545769,81255,135.75402953019622
runner2,runner5,598.652008,81743,136.54510284378767
runner2,runner6,599.991858,82752,137.9218715997976
runner2,runner7,598.855273,81797,136.58892839038256
runner2,runner8,598.427286,81783,136.66322026632992
