Receiver,Sender,SumTotalLatency,TotalMessagesRecv,AverageLatencyMs
runner6,overall,107811604285000,652293,165.2809462695445
runner6,runner1,12793224097000,82325,155.39901727300335
runner6,runner2,12664252740000,80966,156.41445470938416
runner6,runner3,15239473012000,80288,189.8100963033081
runner6,runner4,17245373529000,81578,211.39735626026624
runner6,runner5,14518636765000,81360,178.44932110373648
runner6,runner6,3474207369000,82939,41.88870578376879
runner6,runner7,15686905011000,81198,193.19324381142394
runner6,runner8,16189531762000,81639,198.3063457661167
