Receiver,Sender,DurationSeconds,TotalMessagesRecv,AverageThroughput
runner6,overall,601.648197,652293,1084.1767718286706
runner6,runner1,597.782133,82325,137.7173981210308
runner6,runner2,597.670815,80966,135.46922146432732
runner6,runner3,597.306752,80288,134.41669582867868
runner6,runner4,596.70817,81578,136.7133954274499
runner6,runner5,599.357466,81360,135.74536835752036
runner6,runner6,600.295471,82939,138.16362775790458
runner6,runner7,596.021301,81198,136.23338606148238
runner6,runner8,593.819761,81639,137.48111019835193
