Receiver,Sender,SumTotalLatency,TotalMessagesRecv,AverageLatencyMs
runner2,overall,70994935641000,2690454,26.387715843125363
runner2,runner1,6639800094000,334633,19.842036182922783
runner2,runner2,648879611000,339246,1.9127111624013253
runner2,runner3,11445743780000,334941,34.17241776909963
runner2,runner4,13704434117000,332350,41.23494544004814
runner2,runner5,11300895836000,335882,33.64543451569301
runner2,runner6,9084780754000,343175,26.472734767975524
runner2,runner7,9621913735000,335972,28.639034607050586
runner2,runner8,8548487714000,334255,25.5747489611225
