Receiver,Sender,DurationSeconds,TotalMessagesRecv,AverageThroughput
runner2,overall,600.243499,2690454,4482.270952508891
runner2,runner1,598.657493,334633,558.9723738745553
runner2,runner2,600.01784,339246,565.3931889758478
runner2,runner3,598.654463,334941,559.4896901319852
runner2,runner4,598.484283,332350,555.3195120413881
runner2,runner5,598.418948,335882,561.2823609990371
runner2,runner6,598.712655,343175,573.1881515014911
runner2,runner7,599.08416,335972,560.8093527293394
runner2,runner8,599.030616,334255,557.9931827724812
