Receiver,Sender,SumTotalLatency,TotalMessagesRecv,AverageLatencyMs
runner1,overall,95484815302000,657472,145.23023840102695
runner1,runner1,2418320070000,83179,29.0736853051852
runner1,runner2,9928139501000,82661,120.106694825855
runner1,runner3,15263278643000,81439,187.41976992595684
runner1,runner4,13458529347000,81430,165.27728536166032
runner1,runner5,13934077906000,82405,169.09262673381468
runner1,runner6,13795930478000,82163,167.90928371651475
runner1,runner7,13648838745000,82598,165.2441795806194
runner1,runner8,13037700612000,81597,159.78161711827642
