Receiver,Sender,DurationSeconds,TotalMessagesRecv,AverageThroughput
runner1,overall,601.746031,657472,1092.6071234859544
runner1,runner1,600.204992,83179,138.58431887217628
runner1,runner2,598.639023,82661,138.08154300692826
runner1,runner3,594.200942,81439,137.05632933850177
runner1,runner4,596.647739,81430,136.4791897753257
runner1,runner5,595.6837,82405,138.33683882906314
runner1,runner6,596.404667,82163,137.76384482920218
runner1,runner7,598.015482,82598,138.1201699390117
runner1,runner8,600.032476,81597,135.98763944236913
