Receiver,Sender,DurationSeconds,TotalMessagesRecv,AverageThroughput
runner5,overall,600.24365,2692361,4485.446868117639
runner5,runner1,598.28782,339084,566.7573175733379
runner5,runner2,598.40532,335132,560.0418124624962
runner5,runner3,598.864987,339312,566.5918151264368
runner5,runner4,598.888018,332855,555.788377786513
runner5,runner5,600.014369,337523,562.5248618004347
runner5,runner6,598.253027,332192,555.2700696991209
runner5,runner7,599.000699,342239,571.3499175733015
runner5,runner8,598.81672,334024,557.8067359241405
