Receiver,Sender,SumTotalLatency,TotalMessagesRecv,AverageLatencyMs
runner4,overall,106447637396000,655764,162.3261377507762
runner4,runner1,13196477047000,81479,161.96169622847606
runner4,runner2,12862170177000,82712,155.5054910653835
runner4,runner3,15346574391000,82198,186.70252793255312
runner4,runner4,2817802042000,82046,34.344173293030735
runner4,runner5,15599693167000,82007,190.22392194568755
runner4,runner6,15659455426000,82248,190.39314543818693
runner4,runner7,15573736751000,81461,191.18027953253704
runner4,runner8,15391728395000,81613,188.5940768627547
