Receiver,Sender,DurationSeconds,TotalMessagesRecv,AverageThroughput
runner4,overall,601.445852,655764,1090.3126155403263
runner4,runner1,596.362827,81479,136.62655737595125
runner4,runner2,599.94587,82712,137.86577112365154
runner4,runner3,598.098693,82198,137.43216790477086
runner4,runner4,600.024956,82046,136.73764595884575
runner4,runner5,598.57612,82007,137.00346081297064
runner4,runner6,598.810793,82248,137.35223372969497
runner4,runner7,595.672955,81461,136.7545719781755
runner4,runner8,598.335039,81613,136.4001682675983
