Receiver,Sender,SumTotalLatency,TotalMessagesRecv,AverageLatencyMs
runner1,overall,97980541685000,653679,149.89091233617722
runner1,runner1,2651308622000,82996,31.945016892380355
runner1,runner2,10886086177000,80997,134.401103460622
runner1,runner3,13512918580000,80502,167.85817221932376
runner1,runner4,14545531240000,82182,176.99169209802633
runner1,runner5,13799161051000,80965,170.43365714815044
runner1,runner6,14639059204000,82079,178.35328407997173
runner1,runner7,14116271320000,81879,172.40405134405648
runner1,runner8,13830205491000,82079,168.49870845161368
