Receiver,Sender,DurationSeconds,TotalMessagesRecv,AverageThroughput
runner1,overall,601.441124,653679,1086.8545131277058
runner1,runner1,600.301074,82996,138.25729054084618
runner1,runner2,596.211531,80997,135.85279014001492
runner1,runner3,597.518729,80502,134.72715764864336
runner1,runner4,599.070595,82182,137.18249683077835
runner1,runner5,596.619688,80965,135.70621558167554
runner1,runner6,598.222736,82079,137.20474843336612
runner1,runner7,599.537612,81879,136.57024740592922
runner1,runner8,598.747102,82079,137.08458834427893
