Receiver,Sender,SumTotalLatency,TotalMessagesRecv,AverageLatencyMs
runner7,overall,110892205269000,657426,168.6763305208495
runner7,runner1,13683867595000,82652,165.56002994482893
runner7,runner2,13627658976000,82360,165.46453346284605
runner7,runner3,16164245783000,82187,196.67643037219997
runner7,runner4,16034049447000,81890,195.79984670899987
runner7,runner5,16477673868000,81873,201.25894822468945
runner7,runner6,16022331938000,82283,194.72226265449729
runner7,runner7,2857370454000,81951,34.86681619504338
runner7,runner8,16025007208000,82230,194.88030169038063
