Receiver,Sender,DurationSeconds,TotalMessagesRecv,AverageThroughput
runner7,overall,601.747559,657426,1092.5279050446468
runner7,runner1,598.132907,82652,138.1833352298739
runner7,runner2,596.170152,82360,138.14847946295708
runner7,runner3,600.02944,82187,136.97161259287543
runner7,runner4,596.798976,81890,137.215382889665
runner7,runner5,598.81761,81873,136.72443600982277
runner7,runner6,598.169361,82283,137.55803182971786
runner7,runner7,600.25325,81951,136.52737407086093
runner7,runner8,598.389523,82230,137.41884982835836
