Receiver,Sender,SumTotalLatency,TotalMessagesRecv,AverageLatencyMs
runner1,overall,98522376318000,657653,149.80905784357404
runner1,runner1,2569566006000,83326,30.83750577250798
runner1,runner2,10828179502000,82704,130.92691407912557
runner1,runner3,14607795790000,82610,176.82842016705
runner1,runner4,13713812735000,81235,168.8165536406721
runner1,runner5,15880590241000,82486,192.5246737749436
runner1,runner6,13628019635000,80987,168.27416295207874
runner1,runner7,14075599029000,82261,171.1090192071577
runner1,runner8,13218813380000,82044,161.11858734337673
