Receiver,Sender,DurationSeconds,TotalMessagesRecv,AverageThroughput
runner1,overall,601.819961,657653,1092.7736576022276
runner1,runner1,600.269013,83326,138.814428523566
runner1,runner2,598.258747,82704,138.24118813928516
runner1,runner3,601.118171,82610,137.42722144395134
runner1,runner4,598.122379,81235,135.81668710643578
runner1,runner5,593.807467,82486,138.91034482393937
runner1,runner6,600.609598,80987,134.8413349864582
runner1,runner7,597.837892,82261,137.59750109650125
runner1,runner8,600.291277,82044,136.67365018199322
