Receiver,Sender,SumTotalLatency,TotalMessagesRecv,AverageLatencyMs
runner8,overall,105735281628000,653644,161.7627969169762
runner8,runner1,13326915467000,81692,163.13611451549724
runner8,runner2,12821304239000,81891,156.56548630496636
runner8,runner3,15946402027000,82105,194.21962154558187
runner8,runner4,15143082938000,81085,186.75566304495283
runner8,runner5,15556263703000,82053,189.58799438168012
runner8,runner6,15833951633000,81463,194.36985665885126
runner8,runner7,14591818440000,80461,181.35268564894793
runner8,runner8,2515543181000,82894,30.34650494607571
