Receiver,Sender,DurationSeconds,TotalMessagesRecv,AverageThroughput
runner8,overall,601.858228,653644,1086.0431403788998
runner8,runner1,598.775281,81692,136.43181773230216
runner8,runner2,598.205486,81891,136.89443162345054
runner8,runner3,598.426583,82105,137.20145851207948
runner8,runner4,598.821248,81085,135.40768680272348
runner8,runner5,597.635592,82053,137.29603975795337
runner8,runner6,595.933366,81463,136.69816903656977
runner8,runner7,598.703595,80461,134.3920441967615
runner8,runner8,600.119443,82894,138.12916906276604
