Receiver,Sender,DurationSeconds,TotalMessagesRecv,AverageThroughput
runner4,overall,600.262861,2690850,4482.786083945313
runner4,runner1,598.251574,334557,559.2246047312531
runner4,runner2,598.264157,336124,561.8320871594519
runner4,runner3,598.362737,334942,559.7641351787586
runner4,runner4,600.021294,336133,560.2017851053133
runner4,runner5,598.112907,335761,561.3672536914506
runner4,runner6,598.208302,342925,573.2534952348421
runner4,runner7,599.04228,336163,561.1674020738569
runner4,runner8,598.872638,334245,558.1236790450927
