Receiver,Sender,DurationSeconds,TotalMessagesRecv,AverageThroughput
runner8,overall,601.798619,656973,1091.6824652932612
runner8,runner1,596.695705,82303,137.93127604295393
runner8,runner2,597.448708,82465,138.0285853760688
runner8,runner3,599.206661,81757,136.44207469849871
runner8,runner4,598.776491,81221,135.6449380040874
runner8,runner5,598.644886,82204,137.3167998632164
runner8,runner6,598.401314,82386,137.6768367189782
runner8,runner7,600.109059,82383,137.28004729220393
runner8,runner8,600.257831,82254,137.0311152175539
