Receiver,Sender,SumTotalLatency,TotalMessagesRecv,AverageLatencyMs
runner8,overall,103018191275000,655877,157.0693762321289
runner8,runner1,12793082394000,81732,156.52476868301278
runner8,runner2,12334363288000,82791,148.98193388170213
runner8,runner3,15378758905000,82109,187.2968725109306
runner8,runner4,14897747093000,80940,184.05914372374596
runner8,runner5,14983390542000,81797,183.17775153122977
runner8,runner6,15598196634000,82281,189.57227833886316
runner8,runner7,14428638715000,81644,176.72625930870606
runner8,runner8,2604013704000,82583,31.5320792899265
