Receiver,Sender,DurationSeconds,TotalMessagesRecv,AverageThroughput
runner8,overall,601.791708,655877,1089.8737740666909
runner8,runner1,600.70918,81732,136.05918258149478
runner8,runner2,599.882484,82791,138.01203103639878
runner8,runner3,600.980176,82109,136.62513886314946
runner8,runner4,598.303202,80940,135.28257868156953
runner8,runner5,598.973693,81797,136.56192409772493
runner8,runner6,600.133597,82281,137.10447208973704
runner8,runner7,598.453244,81644,136.42502704856253
runner8,runner8,600.230429,82583,137.58549385372797
