Receiver,Sender,DurationSeconds,TotalMessagesRecv,AverageThroughput
runner5,overall,600.240789,2692622,4485.903073141536
runner5,runner1,598.231214,335427,560.6979243981742
runner5,runner2,598.862165,334773,559.0151115991774
runner5,runner3,598.335174,342638,572.6522773337741
runner5,runner4,598.562236,335494,560.4997773364372
runner5,runner5,600.024074,335744,559.5508822867663
runner5,runner6,599.01615,340344,568.1716594786301
runner5,runner7,598.126936,336066,561.864012089902
runner5,runner8,597.813548,332136,555.5845984273344
