Receiver,Sender,SumTotalLatency,TotalMessagesRecv,AverageLatencyMs
runner7,overall,99433951104000,657579,151.2121754253101
runner7,runner1,12463669324000,82640,150.81884467570183
runner7,runner2,11613485027000,82114,141.43124226075943
runner7,runner3,14875668594000,81443,182.65128487408373
runner7,runner4,14212166318000,81876,173.5815906737017
runner7,runner5,14632422673000,82379,177.6232131125651
runner7,runner6,14886984892000,82254,180.98797495562528
runner7,runner7,2691937274000,83375,32.28710373613193
runner7,runner8,14057617002000,81498,172.49033107560922
