Receiver,Sender,DurationSeconds,TotalMessagesRecv,AverageThroughput
runner7,overall,601.698127,657579,1092.8719410821766
runner7,runner1,597.959086,82640,138.20343554408336
runner7,runner2,596.708747,82114,137.61152390145875
runner7,runner3,598.011511,81443,136.1896861547202
runner7,runner4,599.338135,81876,136.61069639761868
runner7,runner5,597.245942,82379,137.93145203153176
runner7,runner6,599.056035,82254,137.30602012881818
runner7,runner7,600.305712,83375,138.88756734002226
runner7,runner8,598.48031,81498,136.1749060716801
