Receiver,Sender,SumTotalLatency,TotalMessagesRecv,AverageLatencyMs
runner7,overall,105204203472000,656892,160.1544903454449
runner7,runner1,13266649659000,82689,160.4403204658419
runner7,runner2,12234098597000,82677,147.97463136059605
runner7,runner3,15825146844000,82316,192.24873468098548
runner7,runner4,15160710630000,81206,186.6944638327217
runner7,runner5,16065551825000,82424,194.91351821071532
runner7,runner6,14336156171000,80826,177.37060068542303
runner7,runner7,3097747207000,83117,37.26971867367686
runner7,runner8,15218142539000,81637,186.4123196467288
