Receiver,Sender,DurationSeconds,TotalMessagesRecv,AverageThroughput
runner7,overall,601.776898,656892,1091.5872679446063
runner7,runner1,598.72215,82689,138.10913793652028
runner7,runner2,598.333681,82677,138.17874979362895
runner7,runner3,597.037268,82316,137.87414021196412
runner7,runner4,595.775654,81206,136.30298494876058
runner7,runner5,598.958793,82424,137.61213786872312
runner7,runner6,599.600861,80826,134.7996730111433
runner7,runner7,600.268366,83117,138.466400543253
runner7,runner8,600.238673,81637,136.00756444428566
