Receiver,Sender,SumTotalLatency,TotalMessagesRecv,AverageLatencyMs
runner1,overall,99124703002000,656069,151.08883821976042
runner1,runner1,2667072477000,83048,32.114830905018785
runner1,runner2,11222335234000,81728,137.31322476996868
runner1,runner3,14237839458000,82467,172.64893179089816
runner1,runner4,14662600976000,81833,179.17711651778623
runner1,runner5,14444629304000,82095,175.9501711919118
runner1,runner6,13774626977000,81028,169.99835830823912
runner1,runner7,14041803326000,82322,170.57169803940624
runner1,runner8,14073795250000,81548,172.58296034237503
