Receiver,Sender,DurationSeconds,TotalMessagesRecv,AverageThroughput
runner1,overall,601.772218,656069,1090.2281301394344
runner1,runner1,600.211699,83048,138.3645139512684
runner1,runner2,597.330372,81728,136.82210687923967
runner1,runner3,596.415869,82467,138.2709687759834
runner1,runner4,596.681344,81833,137.14690566896627
runner1,runner5,596.723639,82095,137.57624909510244
runner1,runner6,592.398904,81028,136.77945629690092
runner1,runner7,598.408858,82322,137.56815077092324
runner1,runner8,594.374635,81548,137.19966364311625
