Receiver,Sender,DurationSeconds,TotalMessagesRecv,AverageThroughput
runner1,overall,600.256841,2692874,4486.202931921271
runner1,runner1,600.009172,344722,574.5278840504125
runner1,runner2,598.682293,336377,561.8622831058076
runner1,runner3,598.319295,329983,551.5165610696208
runner1,runner4,598.771435,339723,567.366744874862
runner1,runner5,598.664123,335074,559.7028235480215
runner1,runner6,598.463109,333777,557.723600637178
runner1,runner7,598.371729,338069,564.9815718482917
runner1,runner8,598.112278,335149,560.3446247930059
