Receiver,Sender,SumTotalLatency,TotalMessagesRecv,AverageLatencyMs
runner3,overall,112661282713000,651848,172.83367090640763
runner3,runner1,12788025358000,82574,154.86745656017632
runner3,runner2,13627045068000,80399,169.49271841689574
runner3,runner3,3540044716000,81182,43.60627621886625
runner3,runner4,17110963562000,81787,209.21373276926653
runner3,runner5,15811535715000,81061,195.0572496638334
runner3,runner6,16944175851000,82033,206.55316581131981
runner3,runner7,16505906917000,81510,202.50161841491843
runner3,runner8,16333585526000,81302,200.9001688273351
