Receiver,Sender,DurationSeconds,TotalMessagesRecv,AverageThroughput
runner3,overall,601.827046,651848,1083.1151646182416
runner3,runner1,598.811865,82574,137.89639923049955
runner3,runner2,591.712646,80399,135.87507474024818
runner3,runner3,600.298926,81182,135.23595742698362
runner3,runner4,597.475399,81787,136.88764447354257
runner3,runner5,596.335573,81061,135.93185392614504
runner3,runner6,598.698552,82033,137.01887156059132
runner3,runner7,597.881682,81510,136.33132182163092
runner3,runner8,598.163742,81302,135.91930485147995
