Receiver,Sender,SumTotalLatency,TotalMessagesRecv,AverageLatencyMs
runner4,overall,104754642491000,652350,160.58042843718863
runner4,runner1,12883771093000,82264,156.6149359744238
runner4,runner2,12010538244000,81017,148.24713632941234
runner4,runner3,14785587366000,80396,183.9094900990099
runner4,runner4,3009256577000,82877,36.30991200212363
runner4,runner5,13767945393000,81136,169.689723341057
runner4,runner6,16685571351000,81723,204.17228137733565
runner4,runner7,15859667431000,81374,194.89846180598227
runner4,runner8,15752305036000,81563,193.1305253117222
