Receiver,Sender,DurationSeconds,TotalMessagesRecv,AverageThroughput
runner4,overall,601.825826,652350,1083.9514886488105
runner4,runner1,596.379535,82264,137.9390055696663
runner4,runner2,596.60744,81017,135.79616104016404
runner4,runner3,597.445181,80396,134.5663209893729
runner4,runner4,600.32302,82877,138.05400965633467
runner4,runner5,598.804976,81136,135.49653602076947
runner4,runner6,595.669285,81723,137.19525592124498
runner4,runner7,596.490794,81374,136.42121692158085
runner4,runner8,598.386727,81563,136.3048281650806
