Receiver,Sender,SumTotalLatency,TotalMessagesRecv,AverageLatencyMs
runner2,overall,104291620009000,657509,158.6162623005921
runner2,runner1,12453950493000,82679,150.63015388429952
runner2,runner2,2747614791000,82186,33.43166465091378
runner2,runner3,14728209765000,82477,178.57353886538064
runner2,runner4,15029807558000,82434,182.3253458281777
runner2,runner5,14964164165000,81866,182.78851006522856
runner2,runner6,15408671340000,82024,187.855643957866
runner2,runner7,14977026781000,82180,182.2466145169141
runner2,runner8,13982175116000,81663,171.21799488140286
