Receiver,Sender,DurationSeconds,TotalMessagesRecv,AverageThroughput
runner2,overall,601.723661,657509,1092.7092328516562
runner2,runner1,597.944966,82679,138.27192250331612
runner2,runner2,600.201485,82186,136.93068420182266
runner2,runner3,597.892657,82477,137.94616648051593
runner2,runner4,598.970408,82434,137.62616466354712
runner2,runner5,599.226594,81866,136.61943715401924
runner2,runner6,597.032122,82024,137.38624267858071
runner2,runner7,598.04416,82180,137.41460162406736
runner2,runner8,597.578258,81663,136.65657829204355
