Receiver,Sender,SumTotalLatency,TotalMessagesRecv,AverageLatencyMs
runner3,overall,68782739577000,2692338,25.54758710719085
runner3,runner1,9085723958000,339298,26.778006230511235
runner3,runner2,9870121524000,335269,29.439409918602674
runner3,runner3,719887506000,342629,2.1010699794821805
runner3,runner4,9525194157000,332803,28.62111867080525
runner3,runner5,9367983300000,333852,28.06028809172927
runner3,runner6,8953983527000,332181,26.955134480900472
runner3,runner7,9435352245000,342207,27.572060901734915
runner3,runner8,11824493360000,334099,35.392184232817215
