Receiver,Sender,DurationSeconds,TotalMessagesRecv,AverageThroughput
runner3,overall,600.25491,2692338,4485.324409924444
runner3,runner1,598.66236,339298,566.7602018606949
runner3,runner2,598.509638,335269,560.173101172349
runner3,runner3,600.021671,342629,571.0277087642056
runner3,runner4,598.197516,332803,556.3429989234526
runner3,runner5,598.176057,333852,558.1166215083061
runner3,runner6,598.662409,332181,554.8719862916931
runner3,runner7,598.772109,342207,571.5145960480935
runner3,runner8,598.433627,334099,558.2891484137806
