Receiver,Sender,SumTotalLatency,TotalMessagesRecv,AverageLatencyMs
runner1,overall,102370123953000,657738,155.63966800306505
runner1,runner1,2645402939000,83079,31.842017104202025
runner1,runner2,11242120159000,82782,135.80392064700055
runner1,runner3,14702150662000,82277,178.6908937127022
runner1,runner4,14862881738000,81806,181.68449426692416
runner1,runner5,15005654325000,82245,182.45065748677732
runner1,runner6,14978052093000,81866,182.9581522610119
runner1,runner7,13925072158000,81378,171.11593007938262
runner1,runner8,15008789879000,82305,182.3557484842962
