Receiver,Sender,DurationSeconds,TotalMessagesRecv,AverageThroughput
runner1,overall,601.708509,657738,1093.1173320003688
runner1,runner1,600.215135,83079,138.4153700156195
runner1,runner2,597.454205,82782,138.55790001511497
runner1,runner3,596.938466,82277,137.83162702066517
runner1,runner4,595.427058,81806,137.39046437489912
runner1,runner5,597.833195,82245,137.57181884154156
runner1,runner6,596.787028,81866,137.17791466472693
runner1,runner7,598.340604,81378,136.00614675984784
runner1,runner8,597.270032,82305,137.80199171285392
