Receiver,Sender,SumTotalLatency,TotalMessagesRecv,AverageLatencyMs
runner4,overall,104456982280000,656528,159.10514445690055
runner4,runner1,12638981790000,82613,152.99022901964582
runner4,runner2,12067606607000,81557,147.9653077847395
runner4,runner3,16520416889000,82412,200.46130283211184
runner4,runner4,2711177407000,82986,32.67029868893548
runner4,runner5,15362854091000,81679,188.08817555307974
runner4,runner6,15079579341000,81797,184.35369684707263
runner4,runner7,14641194197000,82227,178.0582314446593
runner4,runner8,15435171958000,81257,189.95498182310448
