Receiver,Sender,DurationSeconds,TotalMessagesRecv,AverageThroughput
runner4,overall,601.584254,656528,1091.331755501699
runner4,runner1,598.187832,82613,138.1054504632585
runner4,runner2,597.511764,81557,136.49438373233434
runner4,runner3,594.346169,82412,138.6599330465273
runner4,runner4,600.27158,82986,138.24742460737522
runner4,runner5,595.300371,81679,137.2063650200547
runner4,runner6,597.339651,81797,136.9354936727614
runner4,runner7,597.49629,82227,137.6192645480694
runner4,runner8,596.69652,81257,136.17810273135163
