Receiver,Sender,DurationSeconds,TotalMessagesRecv,AverageThroughput
runner1,overall,600.268253,2700512,4498.841953582377
runner1,runner1,600.028811,338935,564.8645428127617
runner1,runner2,598.353276,337281,563.6820479278198
runner1,runner3,598.441632,340062,568.2458936947755
runner1,runner4,598.1962,335241,560.4198087517105
runner1,runner5,598.470303,337975,564.7314466662851
runner1,runner6,598.179453,335359,560.6327638271454
runner1,runner7,598.347785,342540,572.4764235569118
runner1,runner8,598.855754,333119,556.2591622021886
