Receiver,Sender,SumTotalLatency,TotalMessagesRecv,AverageLatencyMs
runner6,overall,109671938536000,655491,167.31265347045192
runner6,runner1,13578756193000,81664,166.2759134134992
runner6,runner2,13734032118000,82657,166.15691493763384
runner6,runner3,16431064181000,82074,200.1981648390477
runner6,runner4,14862374794000,80934,183.63573768749845
runner6,runner5,16120101110000,81779,197.11785556194133
runner6,runner6,3391853669000,83211,40.762082765499756
runner6,runner7,15464922348000,81694,189.30303753029597
runner6,runner8,16088834123000,81478,197.4623103537151
