Receiver,Sender,DurationSeconds,TotalMessagesRecv,AverageThroughput
runner6,overall,601.658955,655491,1089.4726897233666
runner6,runner1,599.069928,81664,136.3179758874493
runner6,runner2,600.675164,82657,137.6068213800829
runner6,runner3,600.769565,82074,136.61477674888542
runner6,runner4,598.317164,80934,135.26939367562585
runner6,runner5,598.453308,81779,136.65059396747458
runner6,runner6,600.304953,83211,138.6145484626711
runner6,runner7,598.769082,81694,136.43657038390634
runner6,runner8,598.849292,81478,136.057604289528
