Receiver,Sender,SumTotalLatency,TotalMessagesRecv,AverageLatencyMs
runner8,overall,109731482504000,655774,167.33124903396597
runner8,runner1,13303577174000,83003,160.2782691468983
runner8,runner2,12840209444000,82573,155.50130725539825
runner8,runner3,16129017522000,82166,196.2979519752696
runner8,runner4,16445741121000,80959,203.13666326165094
runner8,runner5,16512227660000,81869,201.69084342058656
runner8,runner6,15586663304000,80481,193.66885729551075
runner8,runner7,16304361854000,82226,198.28718232675797
runner8,runner8,2609684425000,82497,31.63368880080488
