Receiver,Sender,DurationSeconds,TotalMessagesRecv,AverageThroughput
runner8,overall,601.717368,655774,1089.837247310435
runner8,runner1,600.598724,83003,138.2004268127616
runner8,runner2,598.385722,82573,137.99293158936703
runner8,runner3,599.681465,82166,137.0160740252327
runner8,runner4,597.095682,80959,135.58798437266208
runner8,runner5,598.441852,81869,136.80360042733108
runner8,runner6,599.821613,80481,134.1748917606942
runner8,runner7,600.105658,82226,137.01920470811493
runner8,runner8,600.249404,82497,137.43787074214237
