Receiver,Sender,SumTotalLatency,TotalMessagesRecv,AverageLatencyMs
runner7,overall,105484004515000,652642,161.62613579113818
runner7,runner1,11573522937000,82659,140.01527888070265
runner7,runner2,12224393270000,81069,150.78998470438765
runner7,runner3,15318626337000,80528,190.22732884214187
runner7,runner4,16453145233000,81768,201.21741063741317
runner7,runner5,15716334609000,80683,194.7911531425455
runner7,runner6,16185885411000,81824,197.81342162446225
runner7,runner7,2862751882000,82575,34.668505988495305
runner7,runner8,15149344836000,81536,185.7994608025903
