Receiver,Sender,DurationSeconds,TotalMessagesRecv,AverageThroughput
runner7,overall,601.826912,652642,1084.4347219886372
runner7,runner1,599.653017,82659,137.8447162886533
runner7,runner2,598.920961,81069,135.3584283719868
runner7,runner3,598.89785,80528,134.4603257467029
runner7,runner4,596.739565,81768,137.02459966769592
runner7,runner5,596.418349,80683,135.27920483211022
runner7,runner6,598.266205,81824,136.76854770695263
runner7,runner7,600.245796,82575,137.56864362945075
runner7,runner8,597.450445,81536,136.47324340012838
