Receiver,Sender,DurationSeconds,TotalMessagesRecv,AverageThroughput
runner3,overall,600.246616,2693023,4486.52758418883
runner3,runner1,598.66182,341246,570.0146369781858
runner3,runner2,598.722233,336331,561.7479717009273
runner3,runner3,599.998097,333952,556.5884319796434
runner3,runner4,598.265443,339722,567.8449323371666
runner3,runner5,598.011358,334740,559.7552546819688
runner3,runner6,598.194203,333800,558.0127629555112
runner3,runner7,598.837698,338138,564.6571702638533
runner3,runner8,598.050505,335094,560.3105376526686
