Receiver,Sender,SumTotalLatency,TotalMessagesRecv,AverageLatencyMs
runner5,overall,106252213008000,651662,163.04804178853456
runner5,runner1,13032038623000,82206,158.52904438848745
runner5,runner2,12194605298000,80705,151.10098876153896
runner5,runner3,14123801281000,80640,175.14634525049604
runner5,runner4,16196555279000,82112,197.24955279374512
runner5,runner5,2805833227000,81808,34.29778538773714
runner5,runner6,16155755639000,81731,197.66986380932573
runner5,runner7,15944286234000,81539,195.5418417444413
runner5,runner8,15799337427000,80921,195.24397161429047
