Receiver,Sender,DurationSeconds,TotalMessagesRecv,AverageThroughput
runner5,overall,601.754393,651662,1082.9368386513797
runner5,runner1,593.383892,82206,138.5376332392926
runner5,runner2,597.935475,80705,134.97275772105678
runner5,runner3,599.065857,80640,134.60957431930558
runner5,runner4,597.575564,82112,137.40856378123254
runner5,runner5,600.316652,81808,136.27474721457503
runner5,runner6,598.009928,81731,136.67164401993006
runner5,runner7,596.371704,81539,136.72513208306074
runner5,runner8,595.002326,80921,136.00114901063426
