Receiver,Sender,DurationSeconds,TotalMessagesRecv,AverageThroughput
runner3,overall,600.24244,2690876,4482.981909776323
runner3,runner1,598.38117,334628,559.2221426352704
runner3,runner2,598.241724,336119,561.8447970372591
runner3,runner3,600.035324,338492,564.1201217013685
runner3,runner4,598.296034,332315,555.4357393584194
runner3,runner5,598.159358,335805,561.397218832778
runner3,runner6,598.166828,342877,573.2129966926217
runner3,runner7,598.618154,336079,561.4246707259065
runner3,runner8,598.68941,334561,558.8223115555026
