Receiver,Sender,SumTotalLatency,TotalMessagesRecv,AverageLatencyMs
runner3,overall,110870781903000,655441,169.1544805756735
runner3,runner1,14593717309000,82032,177.90273684659644
runner3,runner2,13095213875000,82360,158.99968279504614
runner3,runner3,3645185208000,82421,44.22641326846313
runner3,runner4,15586570918000,80763,192.99148023228457
runner3,runner5,15953612126000,81926,194.73197917632984
runner3,runner6,16742195219000,82025,204.11088349893325
runner3,runner7,16140863932000,82403,195.8771395701613
runner3,runner8,15113423316000,81511,185.4157514445903
