Receiver,Sender,DurationSeconds,TotalMessagesRecv,AverageThroughput
runner3,overall,601.800803,655441,1089.1328106120857
runner3,runner1,597.455441,82032,137.30228962798918
runner3,runner2,596.935144,82360,137.9714376475043
runner3,runner3,600.327233,82421,137.29345508468714
runner3,runner4,597.593244,80763,135.14711019724982
runner3,runner5,593.662271,81926,138.0010217964483
runner3,runner6,593.941804,82025,138.10275593936808
runner3,runner7,596.676971,82403,138.1032015730334
runner3,runner8,596.930916,81511,136.55013974849982
