Receiver,Sender,SumTotalLatency,TotalMessagesRecv,AverageLatencyMs
runner4,overall,104302495731000,656933,158.77189261461976
runner4,runner1,12890288484000,82465,156.31223529982418
runner4,runner2,12374298968000,82436,150.1079500218351
runner4,runner3,15219576398000,81449,186.86019960957162
runner4,runner4,2720880813000,82418,33.013186597587904
runner4,runner5,15389821338000,82046,187.5755227311508
runner4,runner6,16585102749000,82334,201.43686385940194
runner4,runner7,15079463980000,82569,182.62863762428998
runner4,runner8,14043063001000,81216,172.91005468134358
