Receiver,Sender,DurationSeconds,TotalMessagesRecv,AverageThroughput
runner4,overall,601.800929,656933,1091.6118077311908
runner4,runner1,599.01274,82465,137.66819049624888
runner4,runner2,597.174487,82436,138.04340572908634
runner4,runner3,600.069117,81449,135.7326976052327
runner4,runner4,600.219104,82418,137.31319021795082
runner4,runner5,598.294121,82046,137.13322113689966
runner4,runner6,596.189252,82334,138.10044331359398
runner4,runner7,597.107066,82569,138.28173321264967
runner4,runner8,598.740475,81216,135.64474658239868
