Receiver,Sender,DurationSeconds,TotalMessagesRecv,AverageThroughput
runner1,overall,600.221894,2692406,4485.684422567898
runner1,runner1,600.024309,342657,571.0718630234696
runner1,runner2,598.760772,335232,559.876357431111
runner1,runner3,598.110426,338987,566.7632351220709
runner1,runner4,598.024159,332725,556.3738437530246
runner1,runner5,598.548837,333961,557.9511300595843
runner1,runner6,598.596299,332290,555.115359976524
runner1,runner7,598.511745,342604,572.4265277367281
runner1,runner8,598.640116,333950,557.8476802246242
