Receiver,Sender,SumTotalLatency,TotalMessagesRecv,AverageLatencyMs
runner3,overall,110854735197000,657220,168.6721876951401
runner3,runner1,13446830060000,82239,163.50916304916157
runner3,runner2,13322785379000,82592,161.30842429048818
runner3,runner3,3654203046000,82911,44.07380258349314
runner3,runner4,15772246257000,81737,192.9633612317555
runner3,runner5,16067681884000,82129,195.6395656101986
runner3,runner6,16492492236000,82098,200.8878685960681
runner3,runner7,15562769002000,81010,192.10923345266016
runner3,runner8,16535727333000,82504,200.42334108649277
