Receiver,Sender,DurationSeconds,TotalMessagesRecv,AverageThroughput
runner3,overall,601.640281,657220,1092.3803155394112
runner3,runner1,596.738454,82239,137.81414529052623
runner3,runner2,598.750369,82592,137.9406248015189
runner3,runner3,600.237746,82911,138.1302668026479
runner3,runner4,597.3652,81737,136.82919594244862
runner3,runner5,598.562385,82129,137.21042627829013
runner3,runner6,596.02397,82098,137.74278239178872
runner3,runner7,599.306177,81010,135.17297686721489
runner3,runner8,598.056856,82504,137.95343899543892
