Receiver,Sender,SumTotalLatency,TotalMessagesRecv,AverageLatencyMs
runner5,overall,104919358609000,656747,159.75612923850431
runner5,runner1,12455701935000,82668,150.67138354623313
runner5,runner2,12359710634000,81384,151.8690483878895
runner5,runner3,16295427865000,82194,198.2556861206414
runner5,runner4,15758478268000,81982,192.21875860554755
runner5,runner5,2741411202000,82778,33.11763031240184
runner5,runner6,14905589928000,81902,181.99299074503676
runner5,runner7,14955984180000,82271,181.78925964191515
runner5,runner8,15447054597000,81568,189.37640492595136
