Receiver,Sender,DurationSeconds,TotalMessagesRecv,AverageThroughput
runner5,overall,601.679495,656747,1091.522987666382
runner5,runner1,598.62458,82668,138.09656796919364
runner5,runner2,597.419704,81384,136.22583830947764
runner5,runner3,594.763357,82194,138.19613974638318
runner5,runner4,597.268313,81982,137.26159284797015
runner5,runner5,600.139308,82778,137.93130844213923
runner5,runner6,598.496126,81902,136.8463327363292
runner5,runner7,598.974868,82271,137.3530082734623
runner5,runner8,596.295501,81568,136.79123834274912
