Receiver,Sender,DurationSeconds,TotalMessagesRecv,AverageThroughput
runner4,overall,600.246649,2693378,4487.118761074499
runner4,runner1,598.336113,335571,560.8402914500332
runner4,runner2,598.182612,334889,559.8440898847124
runner4,runner3,598.161983,342594,572.744523618446
runner4,runner4,600.018211,338715,564.5078662454131
runner4,runner5,598.809909,332342,555.0041757909521
runner4,runner6,598.596538,340725,569.2064326639992
runner4,runner7,598.72144,336259,561.628459471904
runner4,runner8,597.848844,332283,555.797679187283
