Receiver,Sender,SumTotalLatency,TotalMessagesRecv,AverageLatencyMs
runner6,overall,107034608339000,656429,163.0558801317431
runner6,runner1,13482018394000,82604,163.21265791002858
runner6,runner2,11477164727000,82604,138.94199708246575
runner6,runner3,16176308205000,81285,199.00729784093008
runner6,runner4,15394569802000,81524,188.8348192188803
runner6,runner5,16433756651000,81774,200.9655471298946
runner6,runner6,3559969044000,83144,42.81690854421245
runner6,runner7,15376696227000,82387,186.63983670967508
runner6,runner8,15134125289000,81107,186.5945638354273
