Receiver,Sender,DurationSeconds,TotalMessagesRecv,AverageThroughput
runner6,overall,601.529233,656429,1091.2669974927055
runner6,runner1,596.393593,82604,138.5058474295179
runner6,runner2,598.433155,82604,138.0337959383283
runner6,runner3,594.964865,81285,136.62151293589412
runner6,runner4,597.618996,81524,136.4146731373311
runner6,runner5,596.000794,81774,137.2045152006962
runner6,runner6,600.280269,83144,138.50863387282183
runner6,runner7,598.536352,82387,137.6474456809601
runner6,runner8,596.127295,81107,136.05651121879933
