Receiver,Sender,SumTotalLatency,TotalMessagesRecv,AverageLatencyMs
runner4,overall,107233127346000,654496,163.84076808108833
runner4,runner1,13121802613000,81713,160.5840271804976
runner4,runner2,12903683452000,81897,157.55990392810483
runner4,runner3,15953005490000,82460,193.46356403104534
runner4,runner4,2698937912000,82081,32.8813965716792
runner4,runner5,15131613709000,82264,183.9396784620247
runner4,runner6,15546472523000,82058,189.45712207219285
runner4,runner7,15683904248000,80467,194.91101007866578
runner4,runner8,16193707399000,81556,198.55936287949385
