Receiver,Sender,DurationSeconds,TotalMessagesRecv,AverageThroughput
runner4,overall,601.798633,654496,1087.5664451700409
runner4,runner1,598.474357,81713,136.53550740186515
runner4,runner2,598.498354,81897,136.83746906344876
runner4,runner3,597.617279,82460,137.98128484166534
runner4,runner4,600.163268,82081,136.76445123595934
runner4,runner5,599.204483,82264,137.28869248129442
runner4,runner6,597.976233,82058,137.2261897238314
runner4,runner7,598.354885,80467,134.48039285247918
runner4,runner8,596.810297,81556,136.65313820817002
