Receiver,Sender,DurationSeconds,TotalMessagesRecv,AverageThroughput
runner8,overall,600.238063,2693487,4487.364540892169
runner8,runner1,598.891898,335786,560.6788155280739
runner8,runner2,598.2366,334835,559.7033013359597
runner8,runner3,598.267418,342643,572.7254897909215
runner8,runner4,598.561135,335176,559.96953427322
runner8,runner5,598.035274,331758,554.7465415894515
runner8,runner6,598.491881,340359,568.694431462137
runner8,runner7,598.493533,336401,562.0795905909981
runner8,runner8,600.008572,336529,560.8736536517349
