Receiver,Sender,SumTotalLatency,TotalMessagesRecv,AverageLatencyMs
runner6,overall,111582476355000,655988,170.0983499012177
runner6,runner1,14134743579000,82311,171.72362842147467
runner6,runner2,13424642328000,82429,162.86309827851846
runner6,runner3,16315168944000,82042,198.8636179517808
runner6,runner4,16866815060000,81566,206.78732633695412
runner6,runner5,15714744921000,81567,192.6605725477215
runner6,runner6,3492218771000,82850,42.15110164152082
runner6,runner7,15185999478000,81060,187.3427026646928
runner6,runner8,16448143274000,82163,200.18917607682292
