Receiver,Sender,DurationSeconds,TotalMessagesRecv,AverageThroughput
runner6,overall,601.800699,655988,1090.0419376216112
runner6,runner1,593.382377,82311,138.7149386136892
runner6,runner2,597.627907,82429,137.92695929107606
runner6,runner3,599.555639,82042,136.83800912428745
runner6,runner4,596.025467,81566,136.84985712196087
runner6,runner5,593.088046,81567,137.52932730665762
runner6,runner6,600.292108,82850,138.01614063531883
runner6,runner7,599.147402,81060,135.29224983604283
runner6,runner8,597.863806,82163,137.4276200958049
