Receiver,Sender,DurationSeconds,TotalMessagesRecv,AverageThroughput
runner1,overall,600.236492,2693300,4487.064741808467
runner1,runner1,600.025157,339252,565.396293875725
runner1,runner2,598.434513,334977,559.7554832202667
runner1,runner3,598.125364,342629,572.8381048893289
runner1,runner4,598.099122,335297,560.6044009541282
runner1,runner5,598.588011,332046,554.7154201188971
runner1,runner6,598.136474,340402,569.1042342286586
runner1,runner7,598.001569,336123,562.0771205702305
runner1,runner8,598.662758,332574,555.5281259035659
