Receiver,Sender,SumTotalLatency,TotalMessagesRecv,AverageLatencyMs
runner5,overall,101108958251000,656668,153.9727202345782
runner5,runner1,13276137810000,81673,162.55234667515583
runner5,runner2,12099870076000,82722,146.2714885520176
runner5,runner3,15467682404000,82094,188.41428611104342
runner5,runner4,15020526087000,80726,186.06800890667193
runner5,runner5,2425862709000,83111,29.188226696827137
runner5,runner6,14555168911000,82748,175.89753119108622
runner5,runner7,14162054054000,81860,173.0033478377718
runner5,runner8,14101656200000,81734,172.53109110039887
