Receiver,Sender,DurationSeconds,TotalMessagesRecv,AverageThroughput
runner5,overall,601.489688,656668,1091.7360897465628
runner5,runner1,599.730062,81673,136.18293491514189
runner5,runner2,599.176625,82722,138.05945784350317
runner5,runner3,597.265409,82094,137.44978155934024
runner5,runner4,597.094342,80726,135.19806556800367
runner5,runner5,600.206898,83111,138.47058452167272
runner5,runner6,600.060636,82748,137.89939722025025
runner5,runner7,599.415631,81860,136.56634189441084
runner5,runner8,598.631903,81734,136.53465441851
