Receiver,Sender,SumTotalLatency,TotalMessagesRecv,AverageLatencyMs
runner5,overall,103678358856000,656529,157.91893253154086
runner5,runner1,12978463189000,82542,157.234658585932
runner5,runner2,11953336134000,82627,144.66622452709163
runner5,runner3,15451464210000,82014,188.40032445680006
runner5,runner4,15146047140000,81969,184.7777469531164
runner5,runner5,2777024355000,83006,33.45570627424524
runner5,runner6,15200814925000,81281,187.0155992790443
runner5,runner7,14521197467000,80874,179.55334801048545
runner5,runner8,15650011436000,82216,190.35238196944633
