Receiver,Sender,DurationSeconds,TotalMessagesRecv,AverageThroughput
runner5,overall,601.776346,656529,1090.9850551021825
runner5,runner1,598.756231,82542,137.8557678842761
runner5,runner2,596.364527,82627,138.55116503265796
runner5,runner3,598.837886,82014,136.95526271362195
runner5,runner4,597.457572,81969,137.19635308262525
runner5,runner5,600.182214,83006,138.30133260163552
runner5,runner6,598.013778,81281,135.91827310707882
runner5,runner7,598.820288,80874,135.0555444106797
runner5,runner8,597.630981,82216,137.56984261831633
