Receiver,Sender,SumTotalLatency,TotalMessagesRecv,AverageLatencyMs
runner7,overall,105243174435000,655769,160.48818171490268
runner7,runner1,13595964313000,81616,166.58454608165064
runner7,runner2,12298468012000,82798,148.53581018865188
runner7,runner3,15821554535000,82168,192.55129168289358
runner7,runner4,14733728062000,81020,181.8529753394224
runner7,runner5,15463540882000,81890,188.8330795213091
runner7,runner6,15451983945000,82467,187.37172378042126
runner7,runner7,2709079965000,82249,32.93754288805943
runner7,runner8,15168854721000,81561,185.98171578327876
