Receiver,Sender,DurationSeconds,TotalMessagesRecv,AverageThroughput
runner7,overall,601.540816,655769,1090.1488021388063
runner7,runner1,600.082673,81616,136.00792636117325
runner7,runner2,600.623358,82798,137.8534465854057
runner7,runner3,600.622246,82168,136.80478961147236
runner7,runner4,597.39676,81020,135.6217599841017
runner7,runner5,598.2909,81890,136.8732166910779
runner7,runner6,599.219166,82467,137.62410263092286
runner7,runner7,600.198099,82249,137.03642203638503
runner7,runner8,598.721982,81561,136.22516368540482
