Receiver,Sender,DurationSeconds,TotalMessagesRecv,AverageThroughput
runner6,overall,600.245354,2691273,4483.621542533422
runner6,runner1,598.523153,334537,558.9374418068669
runner6,runner2,598.589266,336201,561.6555776995841
runner6,runner3,598.223612,334860,559.7572434168646
runner6,runner4,598.687525,332514,555.404925131854
runner6,runner5,598.544107,335992,561.348772915076
runner6,runner6,600.021012,346746,577.8897623005242
runner6,runner7,599.06566,336202,561.210602523937
runner6,runner8,599.036516,334221,557.930929205658
