Receiver,Sender,SumTotalLatency,TotalMessagesRecv,AverageLatencyMs
runner1,overall,70153054688000,2690963,26.069869666732693
runner1,runner1,670499516000,338368,1.9815689308681672
runner1,runner2,6953687161000,336130,20.687493413262725
runner1,runner3,9747841458000,334966,29.10098773606874
runner1,runner4,10370796020000,332244,31.21439670844319
runner1,runner5,8843402394000,335947,26.32380224856897
runner1,runner6,10815987173000,342908,31.5419505319211
runner1,runner7,10076290575000,336174,29.973438085634225
runner1,runner8,12674550391000,334226,37.92209580044641
