Receiver,Sender,DurationSeconds,TotalMessagesRecv,AverageThroughput
runner1,overall,600.274892,2690963,4482.8844848636445
runner1,runner1,600.02832,338368,563.9200496403237
runner1,runner2,598.494916,336130,561.6254892297197
runner1,runner3,598.492953,334966,559.6824462526295
runner1,runner4,598.580648,332244,555.0530260376877
runner1,runner5,598.579219,335947,561.2406667930114
runner1,runner6,598.582768,342908,572.8664744989786
runner1,runner7,598.816518,336174,561.3973394100663
runner1,runner8,598.298492,334226,558.6275153105349
