Receiver,Sender,SumTotalLatency,TotalMessagesRecv,AverageLatencyMs
runner4,overall,72011075912000,2693558,26.734555525442556
runner4,runner1,11226242640000,341076,32.914196953171725
runner4,runner2,9292932329000,336424,27.622679502651415
runner4,runner3,5843522934000,329992,17.708074541201
runner4,runner4,724787230000,343726,2.108619161774204
runner4,runner5,9077538908000,335128,27.08678149244468
runner4,runner6,10572689861000,333979,31.656750457364087
runner4,runner7,15287985457000,337962,45.235811887135235
runner4,runner8,9985376553000,335271,29.783001073758246
