Receiver,Sender,DurationSeconds,TotalMessagesRecv,AverageThroughput
runner4,overall,600.26261,2693558,4487.2993172105125
runner4,runner1,597.902867,341076,570.4538627007453
runner4,runner2,598.653164,336424,561.9681315173004
runner4,runner3,598.404038,329992,551.453498046081
runner4,runner4,600.026281,343726,572.8515748129372
runner4,runner5,598.166536,335128,560.2586902320461
runner4,runner6,598.415199,333979,558.1058110791735
runner4,runner7,598.011836,337962,565.1426604874088
runner4,runner8,598.505482,335271,560.180332650654
